[
  {
    "Date": "05-07-2025",
    "url": "https://www.youtube.com/watch?v=Pq86iSGKsWY",
    "TotalDuration": "00:04:47",
    "MKSA_start": "00:00:55",
    "MKSA_end": "00:02:50",
    "BB_Start": "00:04:06",
    "BB_End": "00:04:28",
    "day": "Saturday",
    "ActivityTime(ReminderTime)": "07:00:00",
    "ActivityName_Hindi": "पर्स में रखें दो लहसुन की कलियां",
    "ActivityName_English": "Keeping two Garlic Cloves in purse",
    "Hindi": "लहसुन की दो कलियां छिलके \nनिकाल कर अपने पर्स में रख दीजिए, \nएक्स्ट्रा दो कलियां आप अपने धन स्थान में भी रख सकते हैं।\n\nलहसुन की कलियों को पूरे सप्ताह वहीं पर रहने दीजिए अगले शनिवार को अगर आप यह प्रयोग जारी करना चाहते हैं, तो लहसुन की पुरानी दोनो कलियों (जो पर्स में रखी है) को निकालकर उसे घर के बाहर किसी साफ सुथरी जगह पर रख दीजिए और लहसुन की नई दो कलियों को फिर से पर्स में रख दीजिए।",
    "File": "",
    "English": "Peel two garlic cloves  and keep them in your Money purse. You can also keep  extra two cloves in your money place. Leave the garlic cloves there for the whole week. \n\nIf you want to continue this activity on the next Saturday, then remove the old two garlic cloves (which are in the purse) and keep them in a clean place ouside your home and put the two new garlic cloves in the purse again.",
    "SuvarnAkshar": "ज",
    "BlastingBirthday": "Same",
    "MarriageAnniversary": "Same",
    "Manifestation": "No",
    "WishList": "No",
    "SpecificProblem": "Money Problem",
    "NoOfSteps": "2",
    "RepeatNumber": "1",
    "Tantra": "Yes",
    "Mantra": "No",
    "Mudra": "No",
    "Position": "NA",
    "Day": "Saturday",
    "Bath": "No",
    "Time": "Before 11am",
    "Tithi": "No",
    "Planet": "Check",
    "Material": "GarlicClove",
    "MaterialQuantity": "2",
    "Astronomical": "Check",
    "Time2": "10 min"
  },
  {
    "Date": "04-07-2025",
    "url": "https://www.youtube.com/watch?v=vwkm-wcJDOs",
    "TotalDuration": "00:03:55",
    "MKSA_start": "00:01:20",
    "MKSA_end": "00:01:56",
    "BB_Start": "00:03:01",
    "BB_End": "00:03:35",
    "day": "Friday",
    "ActivityTime(ReminderTime)": "07:00:00",
    "ActivityName_Hindi": "दही और हल्दी पाउडर को शरीर पर मलें",
    "ActivityName_English": "Rubbing Curd & Termeric Powder on body",
    "Hindi": "सुबह स्नान करते वक्त, एक कटोरी में थोड़ा सा दही ले लीजिए उसमें\nदो-तीन चुटकी हल्दी पाउडर मिक्स कर लीजिए। \n\nबालों को छोड़कर पूरे शरीर को गिला करके उस मिक्सचर को शरीर पर लगाकर रगड़-रगड़कर के स्नान कीजिए। \n\nदही हल्दी पाउडर दोनों स्किन के लिए अच्छे ही होते हैं उसके बाद चाहे\nतो आप साबुन से स्नान कर सकते हैं। ",
    "File": "",
    "English": "Before bath in the morning, take some curd in a bowl and mix two-three pinches of turmeric powder in it.\n\napply this mixture on the body (except hairs) and rub it throughly. Then you can Bathe with water and Soap.\n\nCurd and turmeric powder both are good for the skin. ",
    "SuvarnAkshar": "व",
    "BlastingBirthday": "Same",
    "MarriageAnniversary": "Same",
    "Manifestation": "No",
    "WishList": "No",
    "SpecificProblem": "No",
    "NoOfSteps": "1",
    "RepeatNumber": "1",
    "Tantra": "No",
    "Mantra": "No",
    "Mudra": "No",
    "Position": "NA",
    "Day": "Friday",
    "Bath": "Yes",
    "Time": "During Bath",
    "Tithi": "Check",
    "Planet": "Check",
    "Material": "Curd, Turmeric powder",
    "MaterialQuantity": "2",
    "Astronomical": "Check",
    "Time2": "10 min"
  },
  {
    "Date": "03-07-2025",
    "url": "https://www.youtube.com/watch?v=24sY1TfV4dg",
    "TotalDuration": "00:12:36",
    "MKSA_start": "00:02:06",
    "MKSA_end": "00:02:35",
    "BB_Start": "00:03:21",
    "BB_End": "00:03:55",
    "day": "Thursday",
    "ActivityTime(ReminderTime)": "07:00:00",
    "ActivityName_Hindi": "दूध और हल्दी पाउडर को शरीर पर मलें",
    "ActivityName_English": "Rubbing Milk & Termeric Powder on body",
    "Hindi": "सुबह स्नान करते वक्त, एक कटोरी कच्चा या उबले दूध के साथ थोड़ा सा हल्दी पाउडर मिलाकर अच्छे से मिक्स कर लीजिए \nऔर फिर बालो को छोड़कर पूरे शरीर को उस मिक्सचर से गीला करके \nपूरे शरीर पर अच्छे से रगड़ रगड़ कर \nउसके बाद पानी से स्नान कीजिए।",
    "File": "",
    "English": "Before bath in the morning, take some Milk in a bowl and mix half spoon of turmeric powder in it.\n\napply this mixture on the body (except hairs) and rub it throughly. Then you can Bathe with water and Soap.\n\nMilk and turmeric powder both are good for the skin. ",
    "SuvarnAkshar": "च",
    "BlastingBirthday": "Same",
    "MarriageAnniversary": "Same",
    "Manifestation": "No",
    "WishList": "No",
    "SpecificProblem": "No",
    "NoOfSteps": "1",
    "RepeatNumber": "1",
    "Tantra": "No",
    "Mantra": "No",
    "Mudra": "No",
    "Position": "NA",
    "Day": "Thursday",
    "Bath": "Yes",
    "Time": "During Bath",
    "Tithi": "Check",
    "Planet": "Check",
    "Material": "Turmeric powder, Milk ",
    "MaterialQuantity": "2",
    "Astronomical": "Check",
    "Time2": "15 min"
  },
  {
    "Date": "02-07-2025",
    "url": "https://www.youtube.com/watch?v=pPdY8Tia7Ko",
    "TotalDuration": "00:11:07",
    "MKSA_start": "00:01:41",
    "MKSA_end": "00:02:03",
    "BB_Start": "00:03:05",
    "BB_End": "00:03:25",
    "day": "Wednesday",
    "ActivityTime(ReminderTime)": "07:00:00",
    "ActivityName_Hindi": "फिटकरी पाउडर से दांत रगड़ना",
    "ActivityName_English": "Rubbing Teeth with Allum powder",
    "Hindi": "फिटकरी के पाउडर को अपने दांतों के ऊपर हल्के हाथों से घिसिए और फिर पानी से कुल्ला कर लीजिए।\n\nदिन में दो बार करना है, सुबह और रात में सोने से पहले।",
    "File": "",
    "English": "Lightly rub alum powder on your teeth and then rinse with water.... This has to be done twice a day, in the morning and before sleeping at night.",
    "SuvarnAkshar": "प",
    "BlastingBirthday": "Same",
    "MarriageAnniversary": "Same",
    "Manifestation": "No",
    "WishList": "No",
    "SpecificProblem": "Rudeness",
    "NoOfSteps": "1",
    "RepeatNumber": "2",
    "Tantra": "No",
    "Mantra": "No",
    "Mudra": "No",
    "Position": "NA",
    "Day": "Wednesday",
    "Bath": "",
    "Time": "Morning and before sleep",
    "Tithi": "",
    "Planet": "",
    "Material": "Alum",
    "MaterialQuantity": "1",
    "Astronomical": "Check",
    "Time2": "20 min"
  },
  {
    "Date": "01-07-2025",
    "url": "https://www.youtube.com/watch?v=GjtekdUWbUg",
    "TotalDuration": "00:06:18",
    "MKSA_start": "00:00:57",
    "MKSA_end": "00:03:22",
    "BB_Start": "00:04:04",
    "BB_End": "00:04:55",
    "day": "Tuesday",
    "ActivityTime(ReminderTime)": "07:00:00",
    "ActivityName_Hindi": "रीढ़ की हड्डी को सीधा रखना ",
    "ActivityName_English": "Keep the spine straight",
    "Hindi": "इस प्रयोग में आपको, पूरे दिन, बैठते या चलते समय जितना संभव हो सके अपनी रीढ़ की हड्डी को सीधा रखने की कोशिश करनी है। \n",
    "File": "",
    "English": "Try to keep your Spine Straight as much as possible during whole day",
    "SuvarnAkshar": "न",
    "BlastingBirthday": "Same",
    "MarriageAnniversary": "Same",
    "Manifestation": "No",
    "WishList": "No",
    "SpecificProblem": "No",
    "NoOfSteps": "1",
    "RepeatNumber": "1",
    "Tantra": "No",
    "Mantra": "No",
    "Mudra": "No",
    "Position": "Sitting, Walking",
    "Day": "Tuesday",
    "Bath": "No",
    "Time": "Any",
    "Tithi": "Check",
    "Planet": "Check",
    "Material": "NA",
    "MaterialQuantity": "NA",
    "Astronomical": "Check",
    "Time2": "20 min"
  }
]
